session_date,exchange,contract,expiry,qty,entry_time,exit_time,entry_wap,exit_wap,entry_date
2026-07-01,BSE,SENSEX2670276900CE,2026-07-02,20,15:07:15,15:10:57,259.95,272.00,
2026-07-01,BSE,SENSEX2670277000CE,2026-07-02,20,10:28:30,11:14:44,281.15,299.65,
2026-07-02,BSE,SENSEX2670276900CE,2026-07-02,40,13:49:19,13:49:59,410.60,432.00,
2026-07-02,BSE,SENSEX2670277000CE,2026-07-02,80,10:18:00,10:19:07,257.25,277.00,
2026-07-02,BSE,SENSEX2670277100CE,2026-07-02,100,11:32:33,11:46:33,178.55,187.00,
2026-07-02,BSE,SENSEX2670277200CE,2026-07-02,80,12:52:36,13:02:07,175.85,186.85,
2026-07-02,BSE,SENSEX2670277300CE,2026-07-02,80,12:42:09,12:45:14,135.16,110.25,
2026-07-02,BSE,SENSEX2670277400CE,2026-07-02,200,15:02:15,15:03:56,116.00,120.00,
2026-07-02,BSE,SENSEX2670277400PE,2026-07-02,100,10:40:09,10:44:12,215.65,222.00,
2026-07-02,BSE,SENSEX2670277400PE,2026-07-02,80,12:42:22,12:42:59,136.75,145.30,
2026-07-02,BSE,SENSEX2670277500PE,2026-07-02,80,13:19:55,13:21:04,166.55,180.00,
2026-07-02,BSE,SENSEX2670277600PE,2026-07-02,80,14:33:11,14:47:15,218.15,128.70,
2026-07-02,BSE,SENSEX2670277700PE,2026-07-02,120,14:51:08,14:56:19,200.70,220.00,
2026-07-08,BSE,SENSEX2670976200PE,2026-07-09,100,14:54:06,15:02:04,311.89,275.01,
2026-07-08,BSE,SENSEX2670976600PE,2026-07-09,100,15:08:51,15:10:20,420.52,440.00,
2026-07-08,BSE,SENSEX2670976800PE,2026-07-09,80,14:16:52,14:22:02,496.66,520.00,
2026-07-08,BSE,SENSEX2670977000PE,2026-07-09,60,13:59:34,14:00:06,410.20,440.00,
2026-07-08,BSE,SENSEX2670977100PE,2026-07-09,100,13:54:06,13:55:00,316.75,350.00,
2026-07-08,BSE,SENSEX2670977400PE,2026-07-09,60,13:49:56,13:50:44,366.80,435.00,
2026-07-08,BSE,SENSEX2670977500CE,2026-07-09,100,10:22:25,10:28:34,326.71,335.00,
2026-07-08,BSE,SENSEX2670977600CE,2026-07-09,80,10:01:41,10:02:18,271.75,287.00,
2026-07-08,BSE,SENSEX2670977600PE,2026-07-09,100,12:48:58,13:46:48,289.65,310.00,
2026-07-08,BSE,SENSEX2670977700CE,2026-07-09,100,10:48:59,10:51:48,265.40,275.00,
2026-07-08,BSE,SENSEX2670977700PE,2026-07-09,80,09:47:41,09:53:35,310.90,274.70,
2026-07-08,BSE,SENSEX2670977800CE,2026-07-09,160,11:07:21,11:08:54,225.29,232.00,
2026-07-09,BSE,SENSEX2670976700PE,2026-07-09,1000,15:10:07,15:10:27,33.00,37.00,
2026-07-09,BSE,SENSEX2670976800PE,2026-07-09,1000,14:49:32,14:49:41,23.61,28.00,
2026-07-09,BSE,SENSEX2670976900CE,2026-07-09,140,13:19:38,13:21:05,191.67,200.00,
2026-07-09,BSE,SENSEX2670976900PE,2026-07-09,80,09:18:33,09:18:59,228.25,245.05,
2026-07-09,BSE,SENSEX2670977000CE,2026-07-09,120,11:51:26,11:54:51,180.26,185.00,
2026-07-09,BSE,SENSEX2670977100PE,2026-07-09,300,13:44:26,13:46:14,114.93,125.00,
2026-07-09,BSE,SENSEX2670977200PE,2026-07-09,160,11:28:11,11:30:31,181.34,186.00,
2026-07-09,BSE,SENSEX2670977300PE,2026-07-09,120,11:57:19,11:57:58,301.41,310.00,
2026-07-09,BSE,SENSEX2670977300PE,2026-07-09,120,12:26:34,12:26:51,260.45,267.00,
2026-07-09,BSE,SENSEX2670977400PE,2026-07-09,100,14:15:24,14:16:02,342.00,387.15,
2026-07-10,NSE,NIFTY2671424050CE,2026-07-14,260,15:06:23,15:07:13,188.10,192.00,
2026-07-10,NSE,NIFTY2671424100CE,2026-07-14,260,13:24:01,13:24:43,138.31,143.00,
2026-07-10,NSE,NIFTY2671424150CE,2026-07-14,260,10:24:29,10:25:40,146.79,150.00,
2026-07-10,NSE,NIFTY2671424250PE,2026-07-14,260,14:27:46,14:30:09,123.59,127.00,
2026-07-13,NSE,NIFTY2671424100CE,2026-07-14,260,10:39:56,10:40:26,100.85,106.05,
2026-07-13,NSE,NIFTY2671424150PE,2026-07-14,260,09:48:12,10:36:39,135.85,109.14,
2026-07-13,NSE,NIFTY2671424200PE,2026-07-14,325,11:05:07,11:18:13,137.26,142.00,
2026-07-14,NSE,NIFTY2671423950PE,2026-07-14,13000,14:00:47,14:02:56,3.57,4.50,
2026-07-14,NSE,NIFTY2671424000CE,2026-07-14,650,12:08:33,12:09:39,92.40,98.00,
2026-07-14,NSE,NIFTY2671424000PE,2026-07-14,4550,13:07:26,13:14:11,9.90,12.00,
2026-07-14,NSE,NIFTY2671424050CE,2026-07-14,910,11:43:22,11:44:03,65.00,71.00,
2026-07-14,NSE,NIFTY2671424050PE,2026-07-14,2600,12:42:09,12:47:35,27.23,30.00,
2026-07-14,NSE,NIFTY2671424100CE,2026-07-14,650,11:33:11,11:34:11,52.65,57.00,
2026-07-14,NSE,NIFTY2671424100PE,2026-07-14,975,10:57:01,10:58:26,37.05,41.00,
2026-07-14,NSE,NIFTY2671424150PE,2026-07-14,325,09:18:07,09:19:40,91.07,96.00,
2026-07-14,NSE,NIFTY2671424200PE,2026-07-14,260,10:32:18,10:36:40,129.20,134.00,
2026-07-14,NSE,NIFTY2671424250PE,2026-07-14,195,12:08:45,09:15:24,159.30,204.55,2026-07-13
2026-07-14,NSE,NIFTY2671424300PE,2026-07-14,455,11:14:05,11:15:24,169.65,178.00,
